title,company,location,link
[정보보안] 네트워크 보안 담당자,한국카카오은행,성남 분당구,https://kr.indeed.com/viewjob?jk=f12d1dfe81a1c54c
2020년 NAVER Cloud 엔지니어 부문 경력사원,Naver Business platform,성남 분당구,https://kr.indeed.com/viewjob?jk=df19895ae1deb5d1
2020년 NAVER Cloud 디자인 부문 경력사원,Naver Business platform,성남 분당구,https://kr.indeed.com/viewjob?jk=d3231f0e82433bdb
[인프라/네트웍/서버/보안 부문 경력사원 ],현대오토에버,서울 강남구,https://kr.indeed.com/viewjob?jk=4ec1b9be666fc6ae
"2021년 경력사원 채용(빅데이터, 영상인식, 모바일앱개발, 부동산임대관리, 기계설비직, 정보보안관제)",에스원,서울 서초동,https://kr.indeed.com/viewjob?jk=fa3a59c0289b239b
수탁사 점검 및 개인정보보호 업무,Nexon,성남 분당구,https://kr.indeed.com/viewjob?jk=84224e0a6d2cb65e
[펀드TF] 서버 개발자,한국카카오은행,성남 분당구,https://kr.indeed.com/viewjob?jk=062f9f5e8c0fd740
시스템본부 DB운영팀 DBA,카카오브이엑스 (KAKAO VX),성남 분당구,https://kr.indeed.com/viewjob?jk=25617a85279bc43f
KB저축은행 IT부문 경력직(정규직) 수시,KB저축은행,서울 송파구,https://kr.indeed.com/viewjob?jk=ff9bea1a7ddfbe55
[피앤피시큐어] 2020년 수시 (연구개발/연구소),피앤피시큐어,성남 분당구,https://kr.indeed.com/viewjob?jk=97ecb64fe9cbf83a
[클라우드플랫폼] IT 인프라 기획자 영입,카카오엔터프라이즈,성남 분당구,https://kr.indeed.com/viewjob?jk=32c06fccfc5da3f0
2020년 NAVER Cloud 개발 부문 경력사원,Naver Business platform,성남 분당구,https://kr.indeed.com/viewjob?jk=7ff5dc2cea1631a8
[클라우드서비스] 네트워크 개발자 영입,카카오엔터프라이즈,성남 분당구,https://kr.indeed.com/viewjob?jk=9248ca355efc13d2
[브랜디] 경영본부/사업본부/개발직군 신입 및 경력,브랜디,서울 강남구,https://kr.indeed.com/viewjob?jk=cd5ca556791f1f79
[빅데이터플랫폼] 데이터 플랫폼 운영자,한국카카오은행,성남 분당구,https://kr.indeed.com/viewjob?jk=e0b78f2b2dfabc35
Security Engineer (기술보안),버킷플레이스,서울 서초구,https://kr.indeed.com/viewjob?jk=6bcfc2bd1fbb7293
AI/빅데이터/클라우드 분야 (인재 Pool),LG유플러스,서울,https://kr.indeed.com/viewjob?jk=fb617eeb80ea6fa9
2020 [Server Engineer],씨젠,서울 송파구,https://kr.indeed.com/viewjob?jk=545b0fa553bf2bcb
웹개발 신입/경력 정규직,아이피시,서울 금천구,https://kr.indeed.com/viewjob?jk=0b108f174720bf75
카카오엔터프라이즈 경력 UI디자이너 영입,카카오엔터프라이즈,성남 분당구,https://kr.indeed.com/viewjob?jk=402a1daa33c83f31
2020년 (주)티시스 경력사원 수시,태광관광개발,용인 기흥구,https://kr.indeed.com/viewjob?jk=19d68ef37ddbdf50
빅데이터 및 AI 분석/개발 경력사원,GS ITM,서울 종로구,https://kr.indeed.com/viewjob?jk=6eb0aa717950d771
모바일 응용 아키텍처 경력직,KB데이타시스템,서울 마포구,https://kr.indeed.com/viewjob?jk=01138e553bd67a78
[클라우드플랫폼] 클라우드 플랫폼 서비스 위한 화면(Web UI) 개발자 영입,카카오엔터프라이즈,성남 분당구,https://kr.indeed.com/viewjob?jk=1a3c3a45f8bf9a6c
[(주)코인플러그]서버 개발자 (신입 가능/전문연구요원/산업기능요원 보충역),코인플러그,성남 분당구,https://kr.indeed.com/viewjob?jk=5e9a03c7b0981caa
솔루션 개발자,고도소프트,서울 구로구,https://kr.indeed.com/viewjob?jk=ce97cc7e1904d7ff
[클라우드서비스] DB 서비스 개발자 영입,카카오엔터프라이즈,성남 분당구,https://kr.indeed.com/viewjob?jk=d2be0327a4b49b7b
시스템본부 인프라운영팀SE,카카오브이엑스 (KAKAO VX),성남 분당구,https://kr.indeed.com/viewjob?jk=75e2239dceb5484d
[카카오페이지] 글로벌 서비스 플랫폼 개발자,카카오페이지,성남 분당구,https://kr.indeed.com/viewjob?jk=b12765ffa860b26c
시스템/서버 엔지니어 영입,카카오페이증권,성남 분당구,https://kr.indeed.com/viewjob?jk=346c2f0c4fa947b6
플랫폼 인프라 구축 및 운영,KB데이타시스템,서울 마포구,https://kr.indeed.com/viewjob?jk=1792f6402eeb44a4
[경력] NLP Engineer - Lighthouse Center,삼정 KPMG,서울 강남구,https://kr.indeed.com/viewjob?jk=598e3ce64da6eb94
Technical Solutions Engineer,MightyHive,서울,https://kr.indeed.com/viewjob?jk=2d83dcf8baac736b
DB 엔지니어 영입,카카오페이증권,성남 분당구,https://kr.indeed.com/viewjob?jk=4fe2a31daa5fef83
글로벌 네트워크 관리자/엔지니어 모집,엔씨소프트,성남 판교역,https://kr.indeed.com/viewjob?jk=d3f69d8f634f0f4d
2020년 개발자,NHN TOAST,성남 판교역,https://kr.indeed.com/viewjob?jk=8327679eecb720a4
2020년 각 부문 신입/경력,더이앤엠,서울,https://kr.indeed.com/viewjob?jk=ef17560d7d3fb8f3
[경력] Machine Learning Engineer - Lighthouse Center,삼정 KPMG,서울 강남구,https://kr.indeed.com/viewjob?jk=5648cca41a5ef8fb
[인프라기술실] 정보보안 담당자,네오플,서울 강남구,https://kr.indeed.com/viewjob?jk=7d18f3f79618b937
NXLog팀 개발파트 개발자,Nexon,성남 분당구,https://kr.indeed.com/viewjob?jk=077d3be0bf640402
Machine Learning Software Engineer Intern,하이퍼커넥트,서울,https://kr.indeed.com/viewjob?jk=454d8484d9e639a9
보안,NHN,성남 판교역,https://kr.indeed.com/viewjob?jk=810816c790317a08
[클라우드인프라] 인프라 네트워크 개발자(NetDevOps) 영입,카카오엔터프라이즈,성남 분당구,https://kr.indeed.com/viewjob?jk=ad8f46847e8453a3
정보보호 담당자,쏘카,대한민국,https://kr.indeed.com/viewjob?jk=036e15c1115ad9f3
백엔드 테크니컬 프로그래머,Nexon,성남 분당구,https://kr.indeed.com/viewjob?jk=cc778e2116c22ee1
[카카오 클라우드] 카카오 클라우드 콘솔(포탈) 프론트엔드 개발자 모집,카카오,성남 판교역,https://kr.indeed.com/viewjob?jk=dcfe7bac31d8b195
시스템 엔지니어를 모십니다.,카카오,성남 판교역,https://kr.indeed.com/viewjob?jk=10d2ef840d3bca07
카카오톡 보이스톡/페이스톡/라이브톡 개발자 모집,카카오,성남 판교역,https://kr.indeed.com/viewjob?jk=d585814d097935eb
현대무벡스 경력사원 상시,현대무벡스,서울 종로구,https://kr.indeed.com/viewjob?jk=d4c52ba1a491a8b9
[인프라] 시스템 관리자,한국카카오은행,성남 분당구,https://kr.indeed.com/viewjob?jk=4f267a6c30a7eb88
[인프라] 네트워크 관리자,한국카카오은행,성남 분당구,https://kr.indeed.com/viewjob?jk=09cee03a4b5e7428
[기술기획] 클라우드 플랫폼 개발자,한국카카오은행,성남 분당구,https://kr.indeed.com/viewjob?jk=58ff9351c67e142d
[기술기획] 형상관리 담당자,한국카카오은행,성남 분당구,https://kr.indeed.com/viewjob?jk=4fa99f7afeb4070d
웹 개발자 (미국계 스마트폰 케어 서비스 기업),HRFOCUS,서울 종로구,https://kr.indeed.com/viewjob?jk=e7e6399c6e1cedcc
IoT 데이터 수집 어플리케이션 설계/개발 부문,제이앤제이글로벌컨설팅,성남 분당구,https://kr.indeed.com/viewjob?jk=aa57b5f41adeb915
[인턴] 물류 IT전문기업 이앤씨지엘에스,이앤씨지엘에스,성남 분당구,https://kr.indeed.com/viewjob?jk=8a2f1c0c95d5f4a8
게임이상탐지 분석/개발,Nexon,성남 분당구,https://kr.indeed.com/viewjob?jk=4ec305f59ce64060
[베스파] 시스템 엔지니어,베스파,서울 강남구,https://kr.indeed.com/viewjob?jk=bda4b831c1562a3d
네이버 MYBOX 서비스 기획/설계 경력사원,네이버,서울,https://kr.indeed.com/viewjob?jk=dc2eb6f9b926de75
Data Engineer(신입),PUBG,서울,https://kr.indeed.com/viewjob?jk=210243e0776dc26f
항공 서비스 개발 리더,myrealtrip,서울,https://kr.indeed.com/viewjob?jk=dd4e6068085a2dd7
국내 유명 온라인 기업 - DBA(과차장급),라피플코리아리미티드,서울,https://kr.indeed.com/viewjob?jk=b853a5aba8fdddc0
12월 11번가 Backend 개발 경력공채,십일번가,서울 중구,https://kr.indeed.com/viewjob?jk=a202d213ffa283d8
[경력] Data Scientist - Lighthouse Center,삼정 KPMG,서울 강남구,https://kr.indeed.com/viewjob?jk=4de75be2130cc91d
카카오엔터프라이즈 CS 기획/운영 담당자 영입,카카오엔터프라이즈,성남 분당구,https://kr.indeed.com/viewjob?jk=0d6c4da700634e2c
ICT/디지털 경력직 상시,신한금융투자,서울 영등포구,https://kr.indeed.com/viewjob?jk=b84a0336d1444d2f
Security Engineer (보안 엔지니어),Toss,서울 강남구,https://kr.indeed.com/viewjob?jk=fb6bafb5ae960c4e
[아이콘트롤스] 2020년 경력 직원 (기술연구소) 연구개발부문,현대산업개발,성남 분당구,https://kr.indeed.com/viewjob?jk=a6d9692dec21424c
2020 NAVER Cloud Designer Recruit,네이버,서울,https://kr.indeed.com/viewjob?jk=f8cd4f65155cab07
[대화형서비스플랫폼] 서비스/플랫폼 QA 전문가 영입,카카오엔터프라이즈,성남 분당구,https://kr.indeed.com/viewjob?jk=5de6d8572f861656
데이터인프라개발팀 - 시스템엔지니어,Nexon,성남 분당구,https://kr.indeed.com/viewjob?jk=7704054c07214c8b
네트워크 운영 경력사원 채용,한화그룹,서울,https://kr.indeed.com/viewjob?jk=9d62f27de92aaed5
[전액무료] SSAC 개발자 데뷔코스 2기 교육,재단법인 서울산업진흥원,서울 영등포구,https://kr.indeed.com/viewjob?jk=b9952246cbb57fad
[기술기획] DevOps 플랫폼 개발자,한국카카오은행,성남 분당구,https://kr.indeed.com/viewjob?jk=53cc1115f4523d2d
분석시스템 개발 경력사원,GS ITM,서울 종로구,https://kr.indeed.com/viewjob?jk=2a8f7142f99d8e48
채팅모듈 개발자,Nexon,성남 분당구,https://kr.indeed.com/viewjob?jk=3b752abecf619fe5
백엔드 개발자,RippleAI,서울 관악구,https://kr.indeed.com/viewjob?jk=3715424cbfe0e064
[유명 인터넷 금융사] 클라우드 플랫폼 개발자,제이앤피에이치알컨설팅,성남 분당구,https://kr.indeed.com/viewjob?jk=f01669815c6dbd98
Lead Technical Solutions Engineer,MightyHive,서울,https://kr.indeed.com/viewjob?jk=ae2c6294bc277408
System SW 엔지니어,딥엑스,성남 분당구,https://kr.indeed.com/viewjob?jk=fc037709d0770796
카카오톡/계정/멜론플랫폼 서버 개발자 모집 공고,카카오,성남 판교역,https://kr.indeed.com/viewjob?jk=21f720e55bab4c8d
[카카오 클라우드] 컨테이너 클라우드 개발자 모집,카카오,성남 판교역,https://kr.indeed.com/viewjob?jk=c58df1061d490778
[베스파] 병역특례 전문연구요원 서버 프로그래머,베스파,서울 강남구,https://kr.indeed.com/viewjob?jk=e0dbad6c97469e24
2020년 하반기 경력직원 (4차 산업혁명대응팀),수성엔지니어링,서울 송파구,https://kr.indeed.com/viewjob?jk=5afa4d9d74205654
QA Engineer(),NHN TOAST,성남 판교역,https://kr.indeed.com/viewjob?jk=ec44d2d8edca5298
[신입/경력] S/W Engineer,뷰노코리아,서울 서초구,https://kr.indeed.com/viewjob?jk=6539614e686eae43
[ SI 구축 ] 대기업 시스템 구축 프로젝트 TA(인프라/네트워크),슈퍼스타트,서울 마포구,https://kr.indeed.com/viewjob?jk=1679d91e478e6ce0
[대졸자 취업연계 교육] ICT/바이오 분야 신입생,한국폴리텍대학분당융합기술교육원,성남 분당구,https://kr.indeed.com/viewjob?jk=048cf95e84ed9234
Cloud Technical Project Management 영입,카카오엔터프라이즈,성남 분당구,https://kr.indeed.com/viewjob?jk=6c6151ab6f6fd0bb
TOAST Cloud 운영 및 기술지원,NHN,성남 판교역,https://kr.indeed.com/viewjob?jk=ad07d6a330fb619a
[동영상플랫폼] 연계형 인턴십,네이버,서울,https://kr.indeed.com/viewjob?jk=e65a195da656bcdc
백엔드 개발,Nexon,성남 분당구,https://kr.indeed.com/viewjob?jk=3f86b334f5dca660
네트워크 엔지니어링,NHN,성남 판교역,https://kr.indeed.com/viewjob?jk=3042df9e8c2e9b43
TOAST Cloud 사업기획/영업,NHN,성남 판교역,https://kr.indeed.com/viewjob?jk=6b86ea39985912b6
[TmaxSoft/컨설팅] MW컨설팅 담당,티맥스소프트,성남 분당구,https://kr.indeed.com/viewjob?jk=b55a00d5b3e61cdb
[10대그룹사] SDET,에이스파트너스서치펌,서울,https://kr.indeed.com/viewjob?jk=fb454c4966309b83
전문연구요원 (병역특례) 수시 (AI / SW 분야),딥엑스,성남 분당구,https://kr.indeed.com/viewjob?jk=d83fc0dd2641f483
퍼블릭 클라우드 아키텍처 경력사원,GS ITM,서울 종로구,https://kr.indeed.com/viewjob?jk=bbcd92283eb23120
더 예스 클라우드 오피스텔 경비원 급구_인천시...,다올건물관리주식회사,경기도 의정부,https://kr.indeed.com/viewjob?jk=3920ddf125b6873d
브랜드 디자이너(그래픽 디자이너),쏘카,대한민국,https://kr.indeed.com/viewjob?jk=17a475b7ce41dd12
Senior Full Stack Developer (Cloud),ALM Works,"Saint Petersburg, Russia",https://stackoverflow.com/jobs/456218
Senior Node.js Engineer (m/f/d),Fashion Cloud,"Amsterdam, Netherlands",https://stackoverflow.com/jobs/465988
Cloud Software Engineer,trivago N.V.,"Düsseldorf, Germany",https://stackoverflow.com/jobs/471376
Node.js Engineer (m/f/d),Fashion Cloud,"Amsterdam, Netherlands",https://stackoverflow.com/jobs/460037
Senior Cloud Software Engineer,"Hellebore Consulting Group, LLC","Wright-Patterson Air Force Base, OH",https://stackoverflow.com/jobs/461417
Java Developer - Consumer Industry  Cloud,SAP,"Pudong, China",https://stackoverflow.com/jobs/462017
Devops Engineer - Consumer Industry Cloud,SAP,"Pudong, China",https://stackoverflow.com/jobs/463029
Software Engineering- Cloud Developer,"JPMorgan Chase Bank, N.A.","Lewisville, TX",https://stackoverflow.com/jobs/477767
"Senior Software Engineer, Backend & Cloud Computing",Paige,"New York, NY",https://stackoverflow.com/jobs/406676
"Senior Software Engineer (React, Cloud, .Net, Kubernetes)",Derivco,"Barcelona, Spain",https://stackoverflow.com/jobs/457903
Software Developer* mit Schwerpunkt Cloud-Technologien,inovex GmbH,"Karlsruhe, Deutschland",https://stackoverflow.com/jobs/238687
Mid-Level Software Engineer (Cloud),Total Defense,No office location,https://stackoverflow.com/jobs/468077
"Senior Back-end Engineer, Machine Learning",Cloud Academy,"Milan, Italy",https://stackoverflow.com/jobs/392936
Java Developer - Consumer Industry  Cloud,SAP,"Pudong, China",https://stackoverflow.com/jobs/462019
Senior Software Engineer for Hazelcast Cloud,Hazelcast,No office location,https://stackoverflow.com/jobs/474477
Sr. Cloud Engineer (GCP) DevOps,Harlem Next,"Haarlem, Netherlands",https://stackoverflow.com/jobs/423490
Webentwickler* für Cloud Software,xSuite Group GmbH,"Ahrensburg, Deutschland",https://stackoverflow.com/jobs/431632
Cloud App Engineer,UKG (Ultimate Kronos Group),No office location,https://stackoverflow.com/jobs/471586
Senior Python Developer (m/f/d),Fashion Cloud,"Amsterdam, Netherlands",https://stackoverflow.com/jobs/467737
Softwarearchitekt:in Schwerpunkt Cloud-native und IT-Transformation,ARS Computer und Consulting GmbH,"München, Deutschland",https://stackoverflow.com/jobs/233265
Back-End Software Engineer - Labs Technology,Cloud Academy,"Milan, Italy",https://stackoverflow.com/jobs/470302
SAP Cloud Entwickler*,xSuite Group GmbH,"Ahrensburg, Deutschland",https://stackoverflow.com/jobs/459606
Cloud Lead,William Hill,"London, UK",https://stackoverflow.com/jobs/456556
Cloud Software Engineer,Captivation Software,"Fort Meade, MD",https://stackoverflow.com/jobs/449509
Full Stack (Core Java/UI/Cloud) Software Engineer,"JPMorgan Chase Bank, N.A.","Newark, DE",https://stackoverflow.com/jobs/475495
Java Big Data and Cloud Software Engineering,"JPMorgan Chase Bank, N.A.","Jersey City, NJ",https://stackoverflow.com/jobs/476184
Cloud Lead,Grand Parade,"Kraków, Poland",https://stackoverflow.com/jobs/456561
Senior Software Engineer Java - Cloud (m/w/d),Kiwigrid GmbH,"Dresden, Deutschland",https://stackoverflow.com/jobs/422933
Ведущий Kotlin разработчик (Cloud),ALM Works,"Saint Petersburg, Russia",https://stackoverflow.com/jobs/444714
Lead Cloud Engineer (Remote),TMP Worldwide,No office location,https://stackoverflow.com/jobs/459802
Senior Software Engineer - Cloud Banking,ANZ,"Docklands, Australia",https://stackoverflow.com/jobs/401321
Full Stack (Core Java/UI/Cloud) Software Engineer,"JPMorgan Chase Bank, N.A.","Newark, DE",https://stackoverflow.com/jobs/475495
Cloud Architect,Easee,"Stavanger, Norway",https://stackoverflow.com/jobs/477940
Cloud DataBase Administrator (DBA),RavenPack International SL.,"Marbella, Spain",https://stackoverflow.com/jobs/469543
Full-time Back-end Developer for AR Cloud Platform,"Pretia Technologies, Inc.","Shinagawa City, Japan",https://stackoverflow.com/jobs/457369
Developer for SAP Analytics Cloud product,SAP,"Sofia, Bulgaria",https://stackoverflow.com/jobs/447943
Systems Engineer – Cloud Infrastructure,European Molecular Biology Laboratory (EMBL),"Heidelberg, Deutschland",https://stackoverflow.com/jobs/471829
DevOps Cloud/Kubernetes Engineer,Vail Systems Inc.,"Chicago, IL",https://stackoverflow.com/jobs/451992
IoT / Cloud Software Developer (m/f/x),Robart GmbH,"Linz, Österreich",https://stackoverflow.com/jobs/473099
Software Architekt*in (m/w/d) #Cloud,GFT Deutschland,"Eschborn, Deutschland",https://stackoverflow.com/jobs/394235
Cloud Operations Engineer (SRE) /  Ingénieur Opérations Cloud,BuyCo,"Marseille, France",https://stackoverflow.com/jobs/460884
Senior Front-End Engineer,Cloud Academy,"Milan, Italy",https://stackoverflow.com/jobs/359740
Senior Cloud Platform Engineer - Azure,Servian,"Bengaluru, India",https://stackoverflow.com/jobs/442825
"Cloud Engineer - AWS, Azure, Google (all genders)",Accenture DACH,"Zürich, Switzerland",https://stackoverflow.com/jobs/391301
Principal Cloud Architect,UKG (Ultimate Kronos Group),No office location,https://stackoverflow.com/jobs/456575
Cloud Architect,uShip,"Austin, TX",https://stackoverflow.com/jobs/408185
Cloud Engineer (m/w/d),Kiwigrid GmbH,"Dresden, Deutschland",https://stackoverflow.com/jobs/422923
Java Software Engineer - Cloud,"JPMorgan Chase Bank, N.A.","Columbus, OH",https://stackoverflow.com/jobs/467095
Senior Software Engineer (Cloud),"Bluebeam, Inc.","Pasadena, CA",https://stackoverflow.com/jobs/454582
Senior Cloud Data Architect/Engineer (Remote Considered),Shield AI,"San Diego, CA",https://stackoverflow.com/jobs/468535
